[
{
    "model": "auth.permission",
    "pk": 1,
    "fields": {
        "name": "Can add log entry",
        "content_type": 1,
        "codename": "add_logentry"
    }
},
{
    "model": "auth.permission",
    "pk": 2,
    "fields": {
        "name": "Can change log entry",
        "content_type": 1,
        "codename": "change_logentry"
    }
},
{
    "model": "auth.permission",
    "pk": 3,
    "fields": {
        "name": "Can delete log entry",
        "content_type": 1,
        "codename": "delete_logentry"
    }
},
{
    "model": "auth.permission",
    "pk": 4,
    "fields": {
        "name": "Can view log entry",
        "content_type": 1,
        "codename": "view_logentry"
    }
},
{
    "model": "auth.permission",
    "pk": 5,
    "fields": {
        "name": "Can add permission",
        "content_type": 2,
        "codename": "add_permission"
    }
},
{
    "model": "auth.permission",
    "pk": 6,
    "fields": {
        "name": "Can change permission",
        "content_type": 2,
        "codename": "change_permission"
    }
},
{
    "model": "auth.permission",
    "pk": 7,
    "fields": {
        "name": "Can delete permission",
        "content_type": 2,
        "codename": "delete_permission"
    }
},
{
    "model": "auth.permission",
    "pk": 8,
    "fields": {
        "name": "Can view permission",
        "content_type": 2,
        "codename": "view_permission"
    }
},
{
    "model": "auth.permission",
    "pk": 9,
    "fields": {
        "name": "Can add group",
        "content_type": 3,
        "codename": "add_group"
    }
},
{
    "model": "auth.permission",
    "pk": 10,
    "fields": {
        "name": "Can change group",
        "content_type": 3,
        "codename": "change_group"
    }
},
{
    "model": "auth.permission",
    "pk": 11,
    "fields": {
        "name": "Can delete group",
        "content_type": 3,
        "codename": "delete_group"
    }
},
{
    "model": "auth.permission",
    "pk": 12,
    "fields": {
        "name": "Can view group",
        "content_type": 3,
        "codename": "view_group"
    }
},
{
    "model": "auth.permission",
    "pk": 13,
    "fields": {
        "name": "Can add user",
        "content_type": 4,
        "codename": "add_user"
    }
},
{
    "model": "auth.permission",
    "pk": 14,
    "fields": {
        "name": "Can change user",
        "content_type": 4,
        "codename": "change_user"
    }
},
{
    "model": "auth.permission",
    "pk": 15,
    "fields": {
        "name": "Can delete user",
        "content_type": 4,
        "codename": "delete_user"
    }
},
{
    "model": "auth.permission",
    "pk": 16,
    "fields": {
        "name": "Can view user",
        "content_type": 4,
        "codename": "view_user"
    }
},
{
    "model": "auth.permission",
    "pk": 17,
    "fields": {
        "name": "Can add content type",
        "content_type": 5,
        "codename": "add_contenttype"
    }
},
{
    "model": "auth.permission",
    "pk": 18,
    "fields": {
        "name": "Can change content type",
        "content_type": 5,
        "codename": "change_contenttype"
    }
},
{
    "model": "auth.permission",
    "pk": 19,
    "fields": {
        "name": "Can delete content type",
        "content_type": 5,
        "codename": "delete_contenttype"
    }
},
{
    "model": "auth.permission",
    "pk": 20,
    "fields": {
        "name": "Can view content type",
        "content_type": 5,
        "codename": "view_contenttype"
    }
},
{
    "model": "auth.permission",
    "pk": 21,
    "fields": {
        "name": "Can add session",
        "content_type": 6,
        "codename": "add_session"
    }
},
{
    "model": "auth.permission",
    "pk": 22,
    "fields": {
        "name": "Can change session",
        "content_type": 6,
        "codename": "change_session"
    }
},
{
    "model": "auth.permission",
    "pk": 23,
    "fields": {
        "name": "Can delete session",
        "content_type": 6,
        "codename": "delete_session"
    }
},
{
    "model": "auth.permission",
    "pk": 24,
    "fields": {
        "name": "Can view session",
        "content_type": 6,
        "codename": "view_session"
    }
},
{
    "model": "auth.permission",
    "pk": 25,
    "fields": {
        "name": "Can add movil",
        "content_type": 7,
        "codename": "add_movil"
    }
},
{
    "model": "auth.permission",
    "pk": 26,
    "fields": {
        "name": "Can change movil",
        "content_type": 7,
        "codename": "change_movil"
    }
},
{
    "model": "auth.permission",
    "pk": 27,
    "fields": {
        "name": "Can delete movil",
        "content_type": 7,
        "codename": "delete_movil"
    }
},
{
    "model": "auth.permission",
    "pk": 28,
    "fields": {
        "name": "Can view movil",
        "content_type": 7,
        "codename": "view_movil"
    }
},
{
    "model": "auth.permission",
    "pk": 29,
    "fields": {
        "name": "Can add usuario",
        "content_type": 8,
        "codename": "add_usuario"
    }
},
{
    "model": "auth.permission",
    "pk": 30,
    "fields": {
        "name": "Can change usuario",
        "content_type": 8,
        "codename": "change_usuario"
    }
},
{
    "model": "auth.permission",
    "pk": 31,
    "fields": {
        "name": "Can delete usuario",
        "content_type": 8,
        "codename": "delete_usuario"
    }
},
{
    "model": "auth.permission",
    "pk": 32,
    "fields": {
        "name": "Can view usuario",
        "content_type": 8,
        "codename": "view_usuario"
    }
},
{
    "model": "auth.permission",
    "pk": 33,
    "fields": {
        "name": "Can add cuenta bancaria",
        "content_type": 9,
        "codename": "add_cuentabancaria"
    }
},
{
    "model": "auth.permission",
    "pk": 34,
    "fields": {
        "name": "Can change cuenta bancaria",
        "content_type": 9,
        "codename": "change_cuentabancaria"
    }
},
{
    "model": "auth.permission",
    "pk": 35,
    "fields": {
        "name": "Can delete cuenta bancaria",
        "content_type": 9,
        "codename": "delete_cuentabancaria"
    }
},
{
    "model": "auth.permission",
    "pk": 36,
    "fields": {
        "name": "Can view cuenta bancaria",
        "content_type": 9,
        "codename": "view_cuentabancaria"
    }
},
{
    "model": "auth.permission",
    "pk": 37,
    "fields": {
        "name": "Can add votar",
        "content_type": 10,
        "codename": "add_votar"
    }
},
{
    "model": "auth.permission",
    "pk": 38,
    "fields": {
        "name": "Can change votar",
        "content_type": 10,
        "codename": "change_votar"
    }
},
{
    "model": "auth.permission",
    "pk": 39,
    "fields": {
        "name": "Can delete votar",
        "content_type": 10,
        "codename": "delete_votar"
    }
},
{
    "model": "auth.permission",
    "pk": 40,
    "fields": {
        "name": "Can view votar",
        "content_type": 10,
        "codename": "view_votar"
    }
},
{
    "model": "contenttypes.contenttype",
    "pk": 1,
    "fields": {
        "app_label": "admin",
        "model": "logentry"
    }
},
{
    "model": "contenttypes.contenttype",
    "pk": 2,
    "fields": {
        "app_label": "auth",
        "model": "permission"
    }
},
{
    "model": "contenttypes.contenttype",
    "pk": 3,
    "fields": {
        "app_label": "auth",
        "model": "group"
    }
},
{
    "model": "contenttypes.contenttype",
    "pk": 4,
    "fields": {
        "app_label": "auth",
        "model": "user"
    }
},
{
    "model": "contenttypes.contenttype",
    "pk": 5,
    "fields": {
        "app_label": "contenttypes",
        "model": "contenttype"
    }
},
{
    "model": "contenttypes.contenttype",
    "pk": 6,
    "fields": {
        "app_label": "sessions",
        "model": "session"
    }
},
{
    "model": "contenttypes.contenttype",
    "pk": 7,
    "fields": {
        "app_label": "examen",
        "model": "movil"
    }
},
{
    "model": "contenttypes.contenttype",
    "pk": 8,
    "fields": {
        "app_label": "examen",
        "model": "usuario"
    }
},
{
    "model": "contenttypes.contenttype",
    "pk": 9,
    "fields": {
        "app_label": "examen",
        "model": "cuentabancaria"
    }
},
{
    "model": "contenttypes.contenttype",
    "pk": 10,
    "fields": {
        "app_label": "examen",
        "model": "votar"
    }
},
{
    "model": "examen.usuario",
    "pk": 1,
    "fields": {
        "nombre_usuario": "mcalderon",
        "correo": "cmonreal@example.net",
        "password": "5_1KHfpF&o",
        "fecha_registro": "2025-11-01T18:51:01.615"
    }
},
{
    "model": "examen.usuario",
    "pk": 2,
    "fields": {
        "nombre_usuario": "ssales",
        "correo": "cordobapepito@example.net",
        "password": "8K5KjYyk+@",
        "fecha_registro": "2025-11-01T18:51:01.621"
    }
},
{
    "model": "examen.usuario",
    "pk": 3,
    "fields": {
        "nombre_usuario": "xnebot",
        "correo": "dionisiachacon@example.org",
        "password": "K@5RoKrB(z",
        "fecha_registro": "2025-11-01T18:51:01.628"
    }
},
{
    "model": "examen.usuario",
    "pk": 4,
    "fields": {
        "nombre_usuario": "perezfortunata",
        "correo": "teofilamarquez@example.net",
        "password": "2EtSgl9g+a",
        "fecha_registro": "2025-11-01T18:51:01.634"
    }
},
{
    "model": "examen.usuario",
    "pk": 5,
    "fields": {
        "nombre_usuario": "emma14",
        "correo": "mcuervo@example.org",
        "password": "$VR0EErV7b",
        "fecha_registro": "2025-11-01T18:51:01.639"
    }
},
{
    "model": "examen.usuario",
    "pk": 6,
    "fields": {
        "nombre_usuario": "leire79",
        "correo": "cheribas@example.org",
        "password": "&7g0Qxv2OT",
        "fecha_registro": "2025-11-01T18:51:01.646"
    }
},
{
    "model": "examen.usuario",
    "pk": 7,
    "fields": {
        "nombre_usuario": "benjamin11",
        "correo": "fortunata47@example.net",
        "password": "Kp38NdKe#D",
        "fecha_registro": "2025-11-01T18:51:01.651"
    }
},
{
    "model": "examen.usuario",
    "pk": 8,
    "fields": {
        "nombre_usuario": "matias92",
        "correo": "aura85@example.net",
        "password": "Z$0STH!tdw",
        "fecha_registro": "2025-11-01T18:51:01.657"
    }
},
{
    "model": "examen.usuario",
    "pk": 9,
    "fields": {
        "nombre_usuario": "palomareslupita",
        "correo": "pedromaria-pilar@example.com",
        "password": "*UC7BMEjMz",
        "fecha_registro": "2025-11-01T18:51:01.663"
    }
},
{
    "model": "examen.usuario",
    "pk": 10,
    "fields": {
        "nombre_usuario": "ruyjurado",
        "correo": "dgordillo@example.net",
        "password": "c_59PygoUw",
        "fecha_registro": "2025-11-01T18:51:01.668"
    }
},
{
    "model": "examen.usuario",
    "pk": 11,
    "fields": {
        "nombre_usuario": "pacificaduarte",
        "correo": "fferrando@example.com",
        "password": "^F7XX@f*^u",
        "fecha_registro": "2025-11-01T18:51:01.674"
    }
},
{
    "model": "examen.usuario",
    "pk": 12,
    "fields": {
        "nombre_usuario": "brunollorente",
        "correo": "hagullo@example.org",
        "password": "%fbmCxE3B9",
        "fecha_registro": "2025-11-01T18:51:01.679"
    }
},
{
    "model": "examen.usuario",
    "pk": 13,
    "fields": {
        "nombre_usuario": "macarenarivero",
        "correo": "eli17@example.net",
        "password": ")b6^C6xyi2",
        "fecha_registro": "2025-11-01T18:51:01.686"
    }
},
{
    "model": "examen.usuario",
    "pk": 14,
    "fields": {
        "nombre_usuario": "uroda",
        "correo": "emolins@example.net",
        "password": "Yn8Bt%Nr$E",
        "fecha_registro": "2025-11-01T18:51:01.691"
    }
},
{
    "model": "examen.usuario",
    "pk": 15,
    "fields": {
        "nombre_usuario": "abigail66",
        "correo": "agata26@example.org",
        "password": ")3tZKPlcJ)",
        "fecha_registro": "2025-11-01T18:51:01.697"
    }
},
{
    "model": "examen.usuario",
    "pk": 16,
    "fields": {
        "nombre_usuario": "esmeraldasuarez",
        "correo": "qaguilar@example.net",
        "password": "Yd7+Ge#qM_",
        "fecha_registro": "2025-11-01T18:51:01.702"
    }
},
{
    "model": "examen.usuario",
    "pk": 17,
    "fields": {
        "nombre_usuario": "suarezantonio",
        "correo": "tovareric@example.org",
        "password": "PRF6qPaqz(",
        "fecha_registro": "2025-11-01T18:51:01.708"
    }
},
{
    "model": "examen.usuario",
    "pk": 18,
    "fields": {
        "nombre_usuario": "sara25",
        "correo": "ptamayo@example.com",
        "password": "__5VRu)!X+",
        "fecha_registro": "2025-11-01T18:51:01.713"
    }
},
{
    "model": "examen.usuario",
    "pk": 19,
    "fields": {
        "nombre_usuario": "jaramayte",
        "correo": "plazasaturnino@example.org",
        "password": "@+DH+Xyt37",
        "fecha_registro": "2025-11-01T18:51:01.719"
    }
},
{
    "model": "examen.usuario",
    "pk": 20,
    "fields": {
        "nombre_usuario": "wilfredo02",
        "correo": "zorrillaalbano@example.net",
        "password": "y$54%Ru*6I",
        "fecha_registro": "2025-11-01T18:51:01.725"
    }
},
{
    "model": "examen.usuario",
    "pk": 21,
    "fields": {
        "nombre_usuario": "damian88",
        "correo": "natalia37@example.net",
        "password": "(lIe2_j1J9",
        "fecha_registro": "2025-11-01T18:51:01.731"
    }
},
{
    "model": "examen.usuario",
    "pk": 22,
    "fields": {
        "nombre_usuario": "velezcelestina",
        "correo": "ysandoval@example.org",
        "password": "AK6SWrf4w_",
        "fecha_registro": "2025-11-01T18:51:01.738"
    }
},
{
    "model": "examen.usuario",
    "pk": 23,
    "fields": {
        "nombre_usuario": "jesuscoca",
        "correo": "xguerrero@example.org",
        "password": "zye1naKmR@",
        "fecha_registro": "2025-11-01T18:51:01.744"
    }
},
{
    "model": "examen.usuario",
    "pk": 24,
    "fields": {
        "nombre_usuario": "claudiorocamora",
        "correo": "durrutia@example.net",
        "password": "6s(Kle6y&c",
        "fecha_registro": "2025-11-01T18:51:01.750"
    }
},
{
    "model": "examen.usuario",
    "pk": 25,
    "fields": {
        "nombre_usuario": "pazosfelipa",
        "correo": "pilucho@example.com",
        "password": "*^DO4dYjB_",
        "fecha_registro": "2025-11-01T18:51:01.755"
    }
},
{
    "model": "examen.usuario",
    "pk": 26,
    "fields": {
        "nombre_usuario": "ecabeza",
        "correo": "eliasbartolome@example.com",
        "password": "_8VVyLZmPn",
        "fecha_registro": "2025-11-01T18:51:01.761"
    }
},
{
    "model": "examen.usuario",
    "pk": 27,
    "fields": {
        "nombre_usuario": "bastidaelena",
        "correo": "hugo63@example.com",
        "password": "5E35nMiV(m",
        "fecha_registro": "2025-11-01T18:51:01.767"
    }
},
{
    "model": "examen.usuario",
    "pk": 28,
    "fields": {
        "nombre_usuario": "lealgeraldo",
        "correo": "ruanorufino@example.net",
        "password": "+hh(v3RpK5",
        "fecha_registro": "2025-11-01T18:51:01.773"
    }
},
{
    "model": "examen.usuario",
    "pk": 29,
    "fields": {
        "nombre_usuario": "herminiohigueras",
        "correo": "rcortina@example.net",
        "password": "J29Ttj$N_l",
        "fecha_registro": "2025-11-01T18:51:01.779"
    }
},
{
    "model": "examen.usuario",
    "pk": 30,
    "fields": {
        "nombre_usuario": "jgomila",
        "correo": "cbenavente@example.com",
        "password": "%U_1cXnI7!",
        "fecha_registro": "2025-11-01T18:51:01.785"
    }
},
{
    "model": "examen.cuentabancaria",
    "pk": 1,
    "fields": {
        "usuario": 1,
        "banco": "CX",
        "numero": 51254877
    }
},
{
    "model": "examen.cuentabancaria",
    "pk": 2,
    "fields": {
        "usuario": 2,
        "banco": "BB",
        "numero": 29017417
    }
},
{
    "model": "examen.cuentabancaria",
    "pk": 3,
    "fields": {
        "usuario": 3,
        "banco": "BB",
        "numero": 93477460
    }
},
{
    "model": "examen.cuentabancaria",
    "pk": 4,
    "fields": {
        "usuario": 4,
        "banco": "BB",
        "numero": 91488482
    }
},
{
    "model": "examen.cuentabancaria",
    "pk": 5,
    "fields": {
        "usuario": 5,
        "banco": "CX",
        "numero": 64215529
    }
},
{
    "model": "examen.cuentabancaria",
    "pk": 6,
    "fields": {
        "usuario": 6,
        "banco": "UN",
        "numero": 54931304
    }
},
{
    "model": "examen.cuentabancaria",
    "pk": 7,
    "fields": {
        "usuario": 7,
        "banco": "BB",
        "numero": 20336541
    }
},
{
    "model": "examen.cuentabancaria",
    "pk": 8,
    "fields": {
        "usuario": 8,
        "banco": "BB",
        "numero": 72543514
    }
},
{
    "model": "examen.cuentabancaria",
    "pk": 9,
    "fields": {
        "usuario": 9,
        "banco": "IN",
        "numero": 67206501
    }
},
{
    "model": "examen.cuentabancaria",
    "pk": 10,
    "fields": {
        "usuario": 10,
        "banco": "CX",
        "numero": 52045234
    }
},
{
    "model": "examen.cuentabancaria",
    "pk": 11,
    "fields": {
        "usuario": 11,
        "banco": "CX",
        "numero": 35901661
    }
},
{
    "model": "examen.cuentabancaria",
    "pk": 12,
    "fields": {
        "usuario": 12,
        "banco": "IN",
        "numero": 76950320
    }
},
{
    "model": "examen.cuentabancaria",
    "pk": 13,
    "fields": {
        "usuario": 13,
        "banco": "IN",
        "numero": 87952573
    }
},
{
    "model": "examen.cuentabancaria",
    "pk": 14,
    "fields": {
        "usuario": 14,
        "banco": "CX",
        "numero": 73819952
    }
},
{
    "model": "examen.cuentabancaria",
    "pk": 15,
    "fields": {
        "usuario": 15,
        "banco": "IN",
        "numero": 80551011
    }
},
{
    "model": "examen.cuentabancaria",
    "pk": 16,
    "fields": {
        "usuario": 16,
        "banco": "UN",
        "numero": 22643171
    }
},
{
    "model": "examen.cuentabancaria",
    "pk": 17,
    "fields": {
        "usuario": 17,
        "banco": "UN",
        "numero": 50879840
    }
},
{
    "model": "examen.cuentabancaria",
    "pk": 18,
    "fields": {
        "usuario": 18,
        "banco": "UN",
        "numero": 10754494
    }
},
{
    "model": "examen.cuentabancaria",
    "pk": 19,
    "fields": {
        "usuario": 19,
        "banco": "CX",
        "numero": 26659203
    }
},
{
    "model": "examen.cuentabancaria",
    "pk": 20,
    "fields": {
        "usuario": 20,
        "banco": "BB",
        "numero": 38455934
    }
},
{
    "model": "examen.cuentabancaria",
    "pk": 21,
    "fields": {
        "usuario": 21,
        "banco": "CX",
        "numero": 45041520
    }
},
{
    "model": "examen.cuentabancaria",
    "pk": 22,
    "fields": {
        "usuario": 22,
        "banco": "IN",
        "numero": 88568629
    }
},
{
    "model": "examen.cuentabancaria",
    "pk": 23,
    "fields": {
        "usuario": 23,
        "banco": "CX",
        "numero": 74487378
    }
},
{
    "model": "examen.cuentabancaria",
    "pk": 24,
    "fields": {
        "usuario": 24,
        "banco": "IN",
        "numero": 22985128
    }
},
{
    "model": "examen.cuentabancaria",
    "pk": 25,
    "fields": {
        "usuario": 25,
        "banco": "CX",
        "numero": 67347474
    }
},
{
    "model": "examen.cuentabancaria",
    "pk": 26,
    "fields": {
        "usuario": 26,
        "banco": "BB",
        "numero": 60025571
    }
},
{
    "model": "examen.cuentabancaria",
    "pk": 27,
    "fields": {
        "usuario": 27,
        "banco": "CX",
        "numero": 63692028
    }
},
{
    "model": "examen.cuentabancaria",
    "pk": 28,
    "fields": {
        "usuario": 28,
        "banco": "IN",
        "numero": 91779052
    }
},
{
    "model": "examen.cuentabancaria",
    "pk": 29,
    "fields": {
        "usuario": 29,
        "banco": "CX",
        "numero": 81154937
    }
},
{
    "model": "examen.cuentabancaria",
    "pk": 30,
    "fields": {
        "usuario": 30,
        "banco": "BB",
        "numero": 45582412
    }
},
{
    "model": "examen.movil",
    "pk": 1,
    "fields": {
        "modelo": "Economía",
        "descripcion": "Marcha rafael minutos niños de. Puede tres hechos idea película silencio. Armas gobierno allí importancia.\nUsted acción méxico orden título precisamente ningún.",
        "fecha_salida": "2024-06-01"
    }
},
{
    "model": "examen.movil",
    "pk": 2,
    "fields": {
        "modelo": "No",
        "descripcion": "Mayo llega contrario partir casos vida. Partes trabajadores gran sector niveles. Vez cambio grande interior temas siglo real.\nTérminos expresión ayer diversas mí ella vez. Diversos derecha causa haciendo países club ii.",
        "fecha_salida": "2023-03-14"
    }
},
{
    "model": "examen.movil",
    "pk": 3,
    "fields": {
        "modelo": "En",
        "descripcion": "Libre partes comenzó unas investigación comunidad. Rosa torno silencio tenía tenemos. Izquierda como tres llama.\nCuales poder san popular material. Poco espera razones.",
        "fecha_salida": "2022-08-04"
    }
},
{
    "model": "examen.movil",
    "pk": 4,
    "fields": {
        "modelo": "Base",
        "descripcion": "Estilo días capaz. Oficial mayores quien campo política hechos.\nNada película ciudad papel juego estoy. Dicho principal del análisis.\nProgramas figura luego cosa junto explicó. Reforma estos fin tarde proceso.",
        "fecha_salida": "2024-09-06"
    }
},
{
    "model": "examen.movil",
    "pk": 5,
    "fields": {
        "modelo": "Etc",
        "descripcion": "Hizo cosa todas. Nunca aun empresa paso.\nPaís todo nunca país etc resultado premio. Hicieron españa parís armas actividades animales.\nVoy santa formas justicia esos nuevo cambios. Dos recursos siquiera hoy haciendo consecuencia.",
        "fecha_salida": "2024-06-15"
    }
},
{
    "model": "examen.movil",
    "pk": 6,
    "fields": {
        "modelo": "Fuerte",
        "descripcion": "Comisión d televisión. Civil cuenta propios través elementos sé presidente.\nApoyo total época estudio quiere gobierno diversas. Pregunta comunicación allí gobierno. Segundo tienen e corte primer enero.",
        "fecha_salida": "2022-11-26"
    }
},
{
    "model": "examen.movil",
    "pk": 7,
    "fields": {
        "modelo": "Actividad",
        "descripcion": "Aunque próximo pesar tres espacio hijo señor. Encima he pública lleva.\nTu nuestra mediante mundial. Ellas mundial economía creación izquierda arriba situación. Toda algunas relaciones aire.",
        "fecha_salida": "2022-10-26"
    }
},
{
    "model": "examen.movil",
    "pk": 8,
    "fields": {
        "modelo": "Dónde",
        "descripcion": "Mirada servicio alta. Constitución juan norte hizo. Puntos señora superior alguien.\nNi unidad tendrá podemos segundo iglesia. D universidad a nuevos deja.",
        "fecha_salida": "2025-03-08"
    }
},
{
    "model": "examen.movil",
    "pk": 9,
    "fields": {
        "modelo": "Hospital",
        "descripcion": "Fueron carne martín edad. Habían ello político lo uno ciento aunque plazo.\nPp vio ciento resultado dado. Pesar sobre memoria juez van contra.",
        "fecha_salida": "2024-04-20"
    }
},
{
    "model": "examen.movil",
    "pk": 10,
    "fields": {
        "modelo": "Público",
        "descripcion": "Ojos puedo señora toda. Juez única podrá objetivo muerto vía. Mundo película respecto.\nValor pablo todavía fácil durante encuentran consejo lópez. Junio aún recursos especial explicó les ellas carta.",
        "fecha_salida": "2023-07-19"
    }
},
{
    "model": "examen.movil",
    "pk": 11,
    "fields": {
        "modelo": "República",
        "descripcion": "Julio causa precios al población premio mano. Pesar permite toda dos fin. D sigue pesetas ver carácter grado efectos.\nNegro producto ser señaló seguir técnica tomar. Hacen servicios pequeño. Económico fuentes respecto tengo máximo república.",
        "fecha_salida": "2023-02-27"
    }
},
{
    "model": "examen.movil",
    "pk": 12,
    "fields": {
        "modelo": "Son",
        "descripcion": "Muchos niveles dicen mejor américa. Gobierno propuesta gonzález entonces haber.\nLey último apoyo ayer importancia pronto siglo. María importante salida electoral menor tenemos. Voy materia mis habla razones unas trabajar modelo.",
        "fecha_salida": "2022-04-06"
    }
},
{
    "model": "examen.movil",
    "pk": 13,
    "fields": {
        "modelo": "González",
        "descripcion": "Valores casa especial oro. Cuatro política nosotros edad. Zona sabe asimismo libre.\nSeis hacen es bien libre. Porque buscar diferencia demasiado iglesia pronto.\nPrograma al habría paz segunda. Distintas popular cinco equipo serán defensa.",
        "fecha_salida": "2023-07-10"
    }
},
{
    "model": "examen.movil",
    "pk": 14,
    "fields": {
        "modelo": "Razón",
        "descripcion": "Alguien eso imposible otra. Doctor partido expresión duda son día.\nQuién única primera aún. Hacia chile dice resultados esos paz.",
        "fecha_salida": "2024-01-04"
    }
},
{
    "model": "examen.movil",
    "pk": 15,
    "fields": {
        "modelo": "Práctica",
        "descripcion": "Mujer comercio largo sería consumo cada. Siguientes tarde persona dios r anterior.",
        "fecha_salida": "2024-09-29"
    }
},
{
    "model": "examen.movil",
    "pk": 16,
    "fields": {
        "modelo": "Mil",
        "descripcion": "Embargo uso cámara estaban constitución mis pie arte.\nPuedo propuesta rosa primeros comisión mujeres. Mujer salir oficial actividades estado producción.",
        "fecha_salida": "2024-05-30"
    }
},
{
    "model": "examen.movil",
    "pk": 17,
    "fields": {
        "modelo": "Manos",
        "descripcion": "Poco d capital ella primera. Pronto datos superior. Puntos prensa instituto pie.\nProducto actual afirmó parís carácter desde natural. Constitución año libertad contenido san ser consejo las.",
        "fecha_salida": "2024-04-26"
    }
},
{
    "model": "examen.movil",
    "pk": 18,
    "fields": {
        "modelo": "Madre",
        "descripcion": "Encontrar seguro escuela comisión participación temas manos. Universidad paso socialista único hasta. Movimiento mucha donde hacen aumento.",
        "fecha_salida": "2023-04-04"
    }
},
{
    "model": "examen.movil",
    "pk": 19,
    "fields": {
        "modelo": "Actitud",
        "descripcion": "Trabajo comunicación mí reunión nuestras apenas tras. Sabía cambios mismos pie relaciones vida personal camino. París medida todas ésta humanos ciento mucha juez.",
        "fecha_salida": "2023-03-30"
    }
},
{
    "model": "examen.movil",
    "pk": 20,
    "fields": {
        "modelo": "Sector",
        "descripcion": "Mar c posibilidades productos. Él jorge programas presente.\nCasi blanca incluso. Naturaleza mí mayor puso bastante otros.\nLo carne padres. Fecha muerte libertad oposición puerta.",
        "fecha_salida": "2024-07-06"
    }
},
{
    "model": "examen.movil",
    "pk": 21,
    "fields": {
        "modelo": "Primero",
        "descripcion": "Pasó cuenta hecho común industria. Encuentra derechos grandes.\nInterior finalmente nuestra problema carrera miguel personas operación. Poder mayo mayo siquiera son enero ahora. Tenían barcelona buena rafael deseo.\nEjemplo pronto muchos proyecto sin.",
        "fecha_salida": "2022-10-24"
    }
},
{
    "model": "examen.movil",
    "pk": 22,
    "fields": {
        "modelo": "Primeros",
        "descripcion": "Mayor aquel aspectos volvió reforma a tu. Consecuencia película madrid única nuestras. Vino hijo carne movimiento cual paz.\nFuerzas europea carrera toda tras menos semana. Minutos ahí suficiente ambiente juego diciembre segundo expresión.",
        "fecha_salida": "2024-07-16"
    }
},
{
    "model": "examen.movil",
    "pk": 23,
    "fields": {
        "modelo": "Vía",
        "descripcion": "Posición rodríguez acerca. Salud san negro cosa debido partir línea respuesta.\nMarcha conocimiento puesto lópez amor. Tenían fiscal verdad afirmó. Ley tomar esfuerzo cuarto nombre costa características.",
        "fecha_salida": "2024-03-26"
    }
},
{
    "model": "examen.movil",
    "pk": 24,
    "fields": {
        "modelo": "Camino",
        "descripcion": "Elecciones actual flores. Deja somos g diversas encuentran segunda.\nResulta ministerio realizar teatro. Necesario ve modelo campaña. Instituciones pasado abril josé ayuda unas decía.",
        "fecha_salida": "2023-11-13"
    }
},
{
    "model": "examen.movil",
    "pk": 25,
    "fields": {
        "modelo": "Educación",
        "descripcion": "Peso salud cierta permite. Aumento siendo pregunta torno zona personas. Grandes luis vez victoria pregunta valores barcelona también.\nCasos formación ley riesgo imagen. Tu otro entonces. Este términos hubiera diferentes hemos.",
        "fecha_salida": "2024-01-05"
    }
},
{
    "model": "examen.movil",
    "pk": 26,
    "fields": {
        "modelo": "Recursos",
        "descripcion": "Trabajadores natural aparece ha. Imagen tenido bajo baja relación hubiera. Española pública tiempo libre.\nRelación decía costa vamos tendrá algo. Problema asimismo diciembre.",
        "fecha_salida": "2022-10-12"
    }
},
{
    "model": "examen.movil",
    "pk": 27,
    "fields": {
        "modelo": "Común",
        "descripcion": "Su muestra manuel acto propia demasiado. Antonio acerca consecuencia pero. Familia sea democracia.\nTenemos recuerdo importante hubo central. Humano centros parece mismo asociación europea acto. Temas social mes constitución calidad parte.",
        "fecha_salida": "2022-04-28"
    }
},
{
    "model": "examen.movil",
    "pk": 28,
    "fields": {
        "modelo": "Otros",
        "descripcion": "Esos técnica sector julio gran. Varios presidente i pie. Quiero compañía mayo económico antonio. Social negro tiempos b ocasiones.\nEstilo nuestras cómo prueba calle.",
        "fecha_salida": "2021-11-17"
    }
},
{
    "model": "examen.movil",
    "pk": 29,
    "fields": {
        "modelo": "Español",
        "descripcion": "Fuego etc tiempo proyectos real final. Igual origen operación dejar posible.\nTambién usted centros durante resultados banco. Algunas rodríguez existe hija.",
        "fecha_salida": "2024-05-01"
    }
},
{
    "model": "examen.movil",
    "pk": 30,
    "fields": {
        "modelo": "Ciudad",
        "descripcion": "Niveles artículo se diario sea siguientes salir. Van salir resultados área ya calle. Estos imagen consecuencia.\nTenido esa mayo elementos palabra económico meses psoe. Norte buen dentro propios.",
        "fecha_salida": "2022-11-13"
    }
},
{
    "model": "examen.votar",
    "pk": 1,
    "fields": {
        "usuario": 1,
        "movil": 22,
        "puntuacion": 5,
        "comentario": "Dinero música visita capital teatro última. Cuatro hombre todo piel somos.",
        "fecha_envio": "2025-11-01T18:51:02.123"
    }
},
{
    "model": "examen.votar",
    "pk": 2,
    "fields": {
        "usuario": 1,
        "movil": 17,
        "puntuacion": 4,
        "comentario": "Natural señaló medios técnica torno yo diez estuvo. Hicieron trata imágenes lópez ser distintos.",
        "fecha_envio": "2025-11-01T18:51:02.130"
    }
},
{
    "model": "examen.votar",
    "pk": 3,
    "fields": {
        "usuario": 2,
        "movil": 28,
        "puntuacion": 3,
        "comentario": "Participación decisión principales buenos mira curso. Grado acción mucha dado.",
        "fecha_envio": "2025-11-01T18:51:02.137"
    }
},
{
    "model": "examen.votar",
    "pk": 4,
    "fields": {
        "usuario": 2,
        "movil": 20,
        "puntuacion": 1,
        "comentario": "Objetivo popular mujer. Actividades electoral él escuela madre nuestras.",
        "fecha_envio": "2025-11-01T18:51:02.143"
    }
},
{
    "model": "examen.votar",
    "pk": 5,
    "fields": {
        "usuario": 3,
        "movil": 14,
        "puntuacion": 3,
        "comentario": "Y vio comunidad aspectos junto.",
        "fecha_envio": "2025-11-01T18:51:02.148"
    }
},
{
    "model": "examen.votar",
    "pk": 6,
    "fields": {
        "usuario": 3,
        "movil": 28,
        "puntuacion": 4,
        "comentario": "Vez américa expresión poder fecha situación. Felipe podría sigue proceso bueno.",
        "fecha_envio": "2025-11-01T18:51:02.154"
    }
},
{
    "model": "examen.votar",
    "pk": 7,
    "fields": {
        "usuario": 4,
        "movil": 18,
        "puntuacion": 1,
        "comentario": "Cierta dijo pasar lópez manera buena. Cerca grande entrada razones va central.",
        "fecha_envio": "2025-11-01T18:51:02.159"
    }
},
{
    "model": "examen.votar",
    "pk": 8,
    "fields": {
        "usuario": 4,
        "movil": 1,
        "puntuacion": 5,
        "comentario": "Han cabo cinco militar informe. Cantidad sobre seguridad siglo niños amigo ciento.",
        "fecha_envio": "2025-11-01T18:51:02.165"
    }
},
{
    "model": "examen.votar",
    "pk": 9,
    "fields": {
        "usuario": 5,
        "movil": 20,
        "puntuacion": 2,
        "comentario": "Jamás posibilidades destino mayo quién intereses. Expresión debe acto pone temas.",
        "fecha_envio": "2025-11-01T18:51:02.172"
    }
},
{
    "model": "examen.votar",
    "pk": 10,
    "fields": {
        "usuario": 5,
        "movil": 11,
        "puntuacion": 3,
        "comentario": "Carta acto libros prueba tiene. Dólares horas sólo guerra real formación popular alguna.",
        "fecha_envio": "2025-11-01T18:51:02.178"
    }
},
{
    "model": "examen.votar",
    "pk": 11,
    "fields": {
        "usuario": 6,
        "movil": 6,
        "puntuacion": 1,
        "comentario": "Vida volver sus entre pueden encuentra. Hablar efectos llamado tienen.",
        "fecha_envio": "2025-11-01T18:51:02.188"
    }
},
{
    "model": "examen.votar",
    "pk": 12,
    "fields": {
        "usuario": 6,
        "movil": 1,
        "puntuacion": 4,
        "comentario": "Nuevos don jefe. Mejores en podía domingo popular fernando.",
        "fecha_envio": "2025-11-01T18:51:02.196"
    }
},
{
    "model": "examen.votar",
    "pk": 13,
    "fields": {
        "usuario": 7,
        "movil": 24,
        "puntuacion": 2,
        "comentario": "Problema ciudad sangre volver sólo. Mayo podría b puedo hablar. Club dos existencia hacía.",
        "fecha_envio": "2025-11-01T18:51:02.203"
    }
},
{
    "model": "examen.votar",
    "pk": 14,
    "fields": {
        "usuario": 7,
        "movil": 1,
        "puntuacion": 4,
        "comentario": "Político sus s líder. Profesional niveles parecía instituto secretario otra. Y consejo televisión.",
        "fecha_envio": "2025-11-01T18:51:02.212"
    }
},
{
    "model": "examen.votar",
    "pk": 15,
    "fields": {
        "usuario": 8,
        "movil": 30,
        "puntuacion": 2,
        "comentario": "Final unión servicio doctor llamado mantener comisión.",
        "fecha_envio": "2025-11-01T18:51:02.222"
    }
},
{
    "model": "examen.votar",
    "pk": 16,
    "fields": {
        "usuario": 8,
        "movil": 11,
        "puntuacion": 1,
        "comentario": "Habrá nuevo amor ni. Mí vía septiembre su. Mejores banco lópez nuestro van oposición varios.",
        "fecha_envio": "2025-11-01T18:51:02.231"
    }
},
{
    "model": "examen.votar",
    "pk": 17,
    "fields": {
        "usuario": 9,
        "movil": 13,
        "puntuacion": 5,
        "comentario": "Buena en casi europea. A dicen así tres fondo necesario. Hacía recuerdo calle película al.",
        "fecha_envio": "2025-11-01T18:51:02.237"
    }
},
{
    "model": "examen.votar",
    "pk": 18,
    "fields": {
        "usuario": 9,
        "movil": 8,
        "puntuacion": 4,
        "comentario": "Comenzó considera datos nada considera solo. Niveles primeros blanca más grado.",
        "fecha_envio": "2025-11-01T18:51:02.246"
    }
},
{
    "model": "examen.votar",
    "pk": 19,
    "fields": {
        "usuario": 10,
        "movil": 14,
        "puntuacion": 1,
        "comentario": "Usted manuel pasa libre medios. Deseo puede político político.",
        "fecha_envio": "2025-11-01T18:51:02.253"
    }
},
{
    "model": "examen.votar",
    "pk": 20,
    "fields": {
        "usuario": 10,
        "movil": 28,
        "puntuacion": 4,
        "comentario": "Técnica llama juan también. Éxito fuera especie. Humanos estar presencia pequeña agua cuando.",
        "fecha_envio": "2025-11-01T18:51:02.266"
    }
},
{
    "model": "examen.votar",
    "pk": 21,
    "fields": {
        "usuario": 11,
        "movil": 20,
        "puntuacion": 3,
        "comentario": "Familia bueno junio tenía. Hijo resultados equipo consejo metros libre a visto.",
        "fecha_envio": "2025-11-01T18:51:02.271"
    }
},
{
    "model": "examen.votar",
    "pk": 22,
    "fields": {
        "usuario": 11,
        "movil": 5,
        "puntuacion": 5,
        "comentario": "Lugar sabe carlos base mal conciencia informe produce. Cómo participación uso crisis.",
        "fecha_envio": "2025-11-01T18:51:02.280"
    }
},
{
    "model": "examen.votar",
    "pk": 23,
    "fields": {
        "usuario": 12,
        "movil": 21,
        "puntuacion": 2,
        "comentario": "Primeras encuentran generales mar carácter. Alta fue carrera.",
        "fecha_envio": "2025-11-01T18:51:02.291"
    }
},
{
    "model": "examen.votar",
    "pk": 24,
    "fields": {
        "usuario": 12,
        "movil": 1,
        "puntuacion": 5,
        "comentario": "Cultural tampoco solución creo guerra. Fútbol unos próximo varias tu bajo muchas.",
        "fecha_envio": "2025-11-01T18:51:02.297"
    }
},
{
    "model": "examen.votar",
    "pk": 25,
    "fields": {
        "usuario": 13,
        "movil": 23,
        "puntuacion": 3,
        "comentario": "Único segunda salir situación figura historia dicen. En encima amigo rosa al.",
        "fecha_envio": "2025-11-01T18:51:02.306"
    }
},
{
    "model": "examen.votar",
    "pk": 26,
    "fields": {
        "usuario": 13,
        "movil": 10,
        "puntuacion": 3,
        "comentario": "Cuanto madrid tratamiento instituciones. Único josé tipos cual horas de hacen.",
        "fecha_envio": "2025-11-01T18:51:02.314"
    }
},
{
    "model": "examen.votar",
    "pk": 27,
    "fields": {
        "usuario": 14,
        "movil": 15,
        "puntuacion": 5,
        "comentario": "Somos septiembre largo. Podría cuales mira razones.",
        "fecha_envio": "2025-11-01T18:51:02.321"
    }
},
{
    "model": "examen.votar",
    "pk": 28,
    "fields": {
        "usuario": 14,
        "movil": 18,
        "puntuacion": 1,
        "comentario": "Llegado jamás junto debe meses. Dios demás los común. Real efectos encontrar partido vuelta.",
        "fecha_envio": "2025-11-01T18:51:02.327"
    }
},
{
    "model": "examen.votar",
    "pk": 29,
    "fields": {
        "usuario": 15,
        "movil": 27,
        "puntuacion": 2,
        "comentario": "A sean arte podría país fuerte. Proyecto presencia interés tienen otra saber distintos general.",
        "fecha_envio": "2025-11-01T18:51:02.332"
    }
},
{
    "model": "examen.votar",
    "pk": 30,
    "fields": {
        "usuario": 15,
        "movil": 11,
        "puntuacion": 4,
        "comentario": "Personal s pablo del. Debe noche podría. María ideas victoria ojos éste.",
        "fecha_envio": "2025-11-01T18:51:02.337"
    }
},
{
    "model": "examen.votar",
    "pk": 31,
    "fields": {
        "usuario": 16,
        "movil": 11,
        "puntuacion": 1,
        "comentario": "Algún blanca consumo manos jefe aquella. Oro usted oro.",
        "fecha_envio": "2025-11-01T18:51:02.342"
    }
},
{
    "model": "examen.votar",
    "pk": 32,
    "fields": {
        "usuario": 16,
        "movil": 22,
        "puntuacion": 3,
        "comentario": "Está esta salida llegado fácil. Relaciones nueva partir.",
        "fecha_envio": "2025-11-01T18:51:02.347"
    }
},
{
    "model": "examen.votar",
    "pk": 33,
    "fields": {
        "usuario": 17,
        "movil": 17,
        "puntuacion": 4,
        "comentario": "Distintos n mucho alguna están otra.",
        "fecha_envio": "2025-11-01T18:51:02.352"
    }
},
{
    "model": "examen.votar",
    "pk": 34,
    "fields": {
        "usuario": 17,
        "movil": 13,
        "puntuacion": 5,
        "comentario": "Material ex debía afirmó. Conocer p ambos. Varios comenzó lo en metros línea.",
        "fecha_envio": "2025-11-01T18:51:02.357"
    }
},
{
    "model": "examen.votar",
    "pk": 35,
    "fields": {
        "usuario": 18,
        "movil": 27,
        "puntuacion": 3,
        "comentario": "Claro están corazón oposición existe largo ocho. Pregunta total en lado.",
        "fecha_envio": "2025-11-01T18:51:02.362"
    }
},
{
    "model": "examen.votar",
    "pk": 36,
    "fields": {
        "usuario": 18,
        "movil": 3,
        "puntuacion": 2,
        "comentario": "Lo congreso uno tipo.\nCiento mesa estos sangre. Trabajadores torno central mismos.",
        "fecha_envio": "2025-11-01T18:51:02.369"
    }
},
{
    "model": "examen.votar",
    "pk": 37,
    "fields": {
        "usuario": 19,
        "movil": 6,
        "puntuacion": 1,
        "comentario": "Media principal marco iba producción mucho. Misma cuestión veces consecuencia méxico formas.",
        "fecha_envio": "2025-11-01T18:51:02.374"
    }
},
{
    "model": "examen.votar",
    "pk": 38,
    "fields": {
        "usuario": 19,
        "movil": 15,
        "puntuacion": 2,
        "comentario": "Pablo pronto dicho hacer oficial. Palabra policía pasa conseguir casi.",
        "fecha_envio": "2025-11-01T18:51:02.379"
    }
},
{
    "model": "examen.votar",
    "pk": 39,
    "fields": {
        "usuario": 20,
        "movil": 24,
        "puntuacion": 2,
        "comentario": "Costa programas programas centro palabras suficiente deseo. Vuelve llegar luz blanca forma.",
        "fecha_envio": "2025-11-01T18:51:02.384"
    }
},
{
    "model": "examen.votar",
    "pk": 40,
    "fields": {
        "usuario": 20,
        "movil": 29,
        "puntuacion": 2,
        "comentario": "Evitar entre muchas dio media barcelona. Piel trabajadores ojos habría plaza civil cuenta.",
        "fecha_envio": "2025-11-01T18:51:02.389"
    }
},
{
    "model": "examen.votar",
    "pk": 41,
    "fields": {
        "usuario": 21,
        "movil": 2,
        "puntuacion": 4,
        "comentario": "Principales manos ocasiones. Muchos intereses república g. Espera oficial región.",
        "fecha_envio": "2025-11-01T18:51:02.393"
    }
},
{
    "model": "examen.votar",
    "pk": 42,
    "fields": {
        "usuario": 21,
        "movil": 6,
        "puntuacion": 5,
        "comentario": "Evitar busca espacio manos. Deben nuevos aspectos derechos económica lejos nadie vuelve.",
        "fecha_envio": "2025-11-01T18:51:02.398"
    }
},
{
    "model": "examen.votar",
    "pk": 43,
    "fields": {
        "usuario": 22,
        "movil": 3,
        "puntuacion": 4,
        "comentario": "Visto perdido noviembre. Pasar recursos otro finalmente primeros.",
        "fecha_envio": "2025-11-01T18:51:02.403"
    }
},
{
    "model": "examen.votar",
    "pk": 44,
    "fields": {
        "usuario": 22,
        "movil": 22,
        "puntuacion": 4,
        "comentario": "Misma otros imagen busca dos empresa propios. Humano policía arte grandes.",
        "fecha_envio": "2025-11-01T18:51:02.408"
    }
},
{
    "model": "examen.votar",
    "pk": 45,
    "fields": {
        "usuario": 23,
        "movil": 27,
        "puntuacion": 4,
        "comentario": "Visita estas vio falta nueva tengo resultados. Mismos tierra presidente.",
        "fecha_envio": "2025-11-01T18:51:02.413"
    }
},
{
    "model": "examen.votar",
    "pk": 46,
    "fields": {
        "usuario": 23,
        "movil": 1,
        "puntuacion": 1,
        "comentario": "Dar felipe ahora propio fácil. Aire tu salida alrededor revolución jorge grande.",
        "fecha_envio": "2025-11-01T18:51:02.418"
    }
},
{
    "model": "examen.votar",
    "pk": 47,
    "fields": {
        "usuario": 24,
        "movil": 14,
        "puntuacion": 4,
        "comentario": "Ejército animales vuelta en. Sería ayer sol salir ninguna movimiento.",
        "fecha_envio": "2025-11-01T18:51:02.424"
    }
},
{
    "model": "examen.votar",
    "pk": 48,
    "fields": {
        "usuario": 24,
        "movil": 24,
        "puntuacion": 2,
        "comentario": "Nacional tanto cuyo demás. Luz diciembre actitud organización unión sería está.",
        "fecha_envio": "2025-11-01T18:51:02.429"
    }
},
{
    "model": "examen.votar",
    "pk": 49,
    "fields": {
        "usuario": 25,
        "movil": 11,
        "puntuacion": 3,
        "comentario": "Sueño obras unas.",
        "fecha_envio": "2025-11-01T18:51:02.434"
    }
},
{
    "model": "examen.votar",
    "pk": 50,
    "fields": {
        "usuario": 25,
        "movil": 8,
        "puntuacion": 2,
        "comentario": "Algunas curso violencia j.",
        "fecha_envio": "2025-11-01T18:51:02.439"
    }
},
{
    "model": "examen.votar",
    "pk": 51,
    "fields": {
        "usuario": 26,
        "movil": 1,
        "puntuacion": 1,
        "comentario": "Muerte concepto muerte permite. Casa siglo aquellos casa debido.",
        "fecha_envio": "2025-11-01T18:51:02.444"
    }
},
{
    "model": "examen.votar",
    "pk": 52,
    "fields": {
        "usuario": 26,
        "movil": 15,
        "puntuacion": 2,
        "comentario": "Serie viejo necesidad máximo padre g democracia espera.",
        "fecha_envio": "2025-11-01T18:51:02.449"
    }
},
{
    "model": "examen.votar",
    "pk": 53,
    "fields": {
        "usuario": 27,
        "movil": 4,
        "puntuacion": 2,
        "comentario": "Saber hizo presencia mayores arte buenos unidad llevar. Militar pronto acción vía último.",
        "fecha_envio": "2025-11-01T18:51:02.454"
    }
},
{
    "model": "examen.votar",
    "pk": 54,
    "fields": {
        "usuario": 27,
        "movil": 25,
        "puntuacion": 4,
        "comentario": "Semanas banco estudio secretario ley. Ni encima fácil derecha. Octubre hizo la acuerdo.",
        "fecha_envio": "2025-11-01T18:51:02.460"
    }
},
{
    "model": "examen.votar",
    "pk": 55,
    "fields": {
        "usuario": 28,
        "movil": 14,
        "puntuacion": 3,
        "comentario": "Reunión aquellas figura sector. Tuvo imagen precisamente internacional.",
        "fecha_envio": "2025-11-01T18:51:02.466"
    }
},
{
    "model": "examen.votar",
    "pk": 56,
    "fields": {
        "usuario": 28,
        "movil": 11,
        "puntuacion": 4,
        "comentario": "Conjunto cosas sentido casos valor. Máximo juego persona. Libros objeto social razón.",
        "fecha_envio": "2025-11-01T18:51:02.472"
    }
},
{
    "model": "examen.votar",
    "pk": 57,
    "fields": {
        "usuario": 29,
        "movil": 9,
        "puntuacion": 5,
        "comentario": "Santa tengo puerta y. Cuanto guerra economía. Plan informe tales vez dar elecciones.",
        "fecha_envio": "2025-11-01T18:51:02.478"
    }
},
{
    "model": "examen.votar",
    "pk": 58,
    "fields": {
        "usuario": 29,
        "movil": 10,
        "puntuacion": 3,
        "comentario": "Mitad elementos centros jamás puntos sea jorge. Sistemas mirada mitad mucha hacer centros y.",
        "fecha_envio": "2025-11-01T18:51:02.484"
    }
},
{
    "model": "examen.votar",
    "pk": 59,
    "fields": {
        "usuario": 30,
        "movil": 26,
        "puntuacion": 1,
        "comentario": "Varias acuerdo cuba importancia ojos. Universidad bueno espera madre seguir escuela.",
        "fecha_envio": "2025-11-01T18:51:02.490"
    }
},
{
    "model": "examen.votar",
    "pk": 60,
    "fields": {
        "usuario": 30,
        "movil": 13,
        "puntuacion": 4,
        "comentario": "Todas señor conocimiento presenta ii pasó. Dejó tendrá sol parís. Solo derecha adelante.",
        "fecha_envio": "2025-11-01T18:51:02.496"
    }
}
]
